{
	"partitions" : [
		{
			"name" : "Top",
			"pins" : [
				{
					"name" : "horizSegmentOnes[0]",
					"strict" : false
				},
				{
					"name" : "horizSegmentOnes[1]",
					"strict" : false
				},
				{
					"name" : "horizSegmentOnes[2]",
					"strict" : false
				},
				{
					"name" : "horizSegmentOnes[3]",
					"strict" : false
				},
				{
					"name" : "horizSegmentOnes[4]",
					"strict" : false
				},
				{
					"name" : "horizSegmentOnes[5]",
					"strict" : false
				},
				{
					"name" : "horizSegmentOnes[6]",
					"strict" : false
				},
				{
					"name" : "horizSegmentTens[0]",
					"strict" : false
				},
				{
					"name" : "horizSegmentTens[1]",
					"strict" : false
				},
				{
					"name" : "horizSegmentTens[2]",
					"strict" : false
				},
				{
					"name" : "horizSegmentTens[3]",
					"strict" : false
				},
				{
					"name" : "horizSegmentTens[4]",
					"strict" : false
				},
				{
					"name" : "horizSegmentTens[5]",
					"strict" : false
				},
				{
					"name" : "horizSegmentTens[6]",
					"strict" : false
				},
				{
					"name" : "vertSegmentOnes[0]",
					"strict" : false
				},
				{
					"name" : "vertSegmentOnes[1]",
					"strict" : false
				},
				{
					"name" : "vertSegmentOnes[2]",
					"strict" : false
				},
				{
					"name" : "vertSegmentOnes[3]",
					"strict" : false
				},
				{
					"name" : "vertSegmentOnes[4]",
					"strict" : false
				},
				{
					"name" : "vertSegmentOnes[5]",
					"strict" : false
				},
				{
					"name" : "vertSegmentOnes[6]",
					"strict" : false
				},
				{
					"name" : "vertSegmentTens[0]",
					"strict" : false
				},
				{
					"name" : "vertSegmentTens[1]",
					"strict" : false
				},
				{
					"name" : "vertSegmentTens[2]",
					"strict" : false
				},
				{
					"name" : "vertSegmentTens[3]",
					"strict" : false
				},
				{
					"name" : "vertSegmentTens[4]",
					"strict" : false
				},
				{
					"name" : "vertSegmentTens[5]",
					"strict" : false
				},
				{
					"name" : "vertSegmentTens[6]",
					"strict" : false
				},
				{
					"name" : "horizontalLED[0]",
					"strict" : false
				},
				{
					"name" : "horizontalLED[1]",
					"strict" : false
				},
				{
					"name" : "horizontalLED[2]",
					"strict" : false
				},
				{
					"name" : "verticalLED[0]",
					"strict" : false
				},
				{
					"name" : "verticalLED[1]",
					"strict" : false
				},
				{
					"name" : "verticalLED[2]",
					"strict" : false
				},
				{
					"name" : "inputClock",
					"strict" : false
				},
				{
					"name" : "vertPedesButton",
					"strict" : false
				},
				{
					"name" : "horizPedesButton",
					"strict" : false
				},
				{
					"name" : "horizCarIncrButton",
					"strict" : false
				},
				{
					"name" : "vertCarIncrButton",
					"strict" : false
				}
			]
		}
	]
}